DMS_id	UniProt_ID	accession	annotation_score	n_pubmed	reviewed	year	taxon	seq_len	has_multi
A0A140D2T1_ZIKV_Sourisseau_2019	A0A140D2T1_ZIKV	A0A140D2T1		0		2019	Virus	3423	False
A0A1I9GEU1_NEIME_Kennouche_2019	A0A1I9GEU1_NEIME	A0A1I9GEU1	1.0	1	unreviewed	2019	Prokaryote	161	False
A0A247D711_LISMN_Stadelmann_2021	A0A247D711_LISMN	A0A247D711	1.0	3	unreviewed	2021	Prokaryote	87	False
A0A2Z5U3Z0_9INFA_Doud_2016	A0A2Z5U3Z0_9INFA	A0A2Z5U3Z0		0		2016	Virus	565	False
A0A2Z5U3Z0_9INFA_Wu_2014	A0A2Z5U3Z0_9INFA	A0A2Z5U3Z0		0		2014	Virus	565	False
A4_HUMAN_Seuma_2022	A4_HUMAN	P05067	5.0	171	reviewed	2022	Human	770	True
A4D664_9INFA_Soh_2019	A4D664_9INFA	A4D664		0		2019	Virus	759	False
A4GRB6_PSEAI_Chen_2020	A4GRB6_PSEAI	A4GRB6		0		2020	Prokaryote	266	False
AACC1_PSEAI_Dandage_2018	AACC1_PSEAI	P23181	3.0	2	reviewed	2018	Prokaryote	177	False
ACE2_HUMAN_Chan_2020	ACE2_HUMAN	Q9BYF1	5.0	67	reviewed	2020	Human	805	False
ADRB2_HUMAN_Jones_2020	ADRB2_HUMAN	P07550	5.0	37	reviewed	2020	Human	413	False
AICDA_HUMAN_Gajula_2014_3cycles	AICDA_HUMAN	Q9GZX7	5.0	22	reviewed	2014	Human	198	False
AMFR_HUMAN_Tsuboyama_2023_4G3O	AMFR_HUMAN	Q9UKV5	5.0	27	reviewed	2023	Human	47	True
AMIE_PSEAE_Wrenbeck_2017	AMIE_PSEAE	P11436	4.0	6	reviewed	2017	Prokaryote	346	False
ARGR_ECOLI_Tsuboyama_2023_1AOY	ARGR_ECOLI	P0A6D0	5.0	10	reviewed	2023	Prokaryote	69	False
B2L11_HUMAN_Dutta_2010_binding-Mcl-1	B2L11_HUMAN	O43521	5.0	23	reviewed	2010	Human	198	False
BBC1_YEAST_Tsuboyama_2023_1TG0	BBC1_YEAST	P47068	5.0	9	reviewed	2023	Eukaryote	64	True
BCHB_CHLTE_Tsuboyama_2023_2KRU	BCHB_CHLTE	Q9F715	3.0	2	reviewed	2023	Prokaryote	52	True
BLAT_ECOLX_Deng_2012	BLAT_ECOLX	P62593	5.0	15	reviewed	2012	Prokaryote	286	False
BLAT_ECOLX_Firnberg_2014	BLAT_ECOLX	P62593	5.0	15	reviewed	2014	Prokaryote	286	False
BLAT_ECOLX_Jacquier_2013	BLAT_ECOLX	P62593	5.0	15	reviewed	2013	Prokaryote	286	False
BLAT_ECOLX_Stiffler_2015	BLAT_ECOLX	P62593	5.0	15	reviewed	2015	Prokaryote	286	False
BRCA1_HUMAN_Findlay_2018	BRCA1_HUMAN	P38398	5.0	106	reviewed	2018	Human	1863	False
BRCA2_HUMAN_Erwood_2022_HEK293T	BRCA2_HUMAN	P51587	5.0	96	reviewed	2022	Human	3418	False
C6KNH7_9INFA_Lee_2018	C6KNH7_9INFA	C6KNH7	4.0	2	unreviewed	2018	Virus	566	False
CALM1_HUMAN_Weile_2017	CALM1_HUMAN	P0DP23	5.0	76	reviewed	2017	Human	149	False
CAPSD_AAV2S_Sinai_2021	CAPSD_AAV2S	P03135	4.0	10	reviewed	2021	Virus	735	True
CAR11_HUMAN_Meitlis_2020_gof	CAR11_HUMAN	Q9BXL7	5.0	18	reviewed	2020	Human	1154	False
CAR11_HUMAN_Meitlis_2020_lof	CAR11_HUMAN	Q9BXL7	5.0	18	reviewed	2020	Human	1154	False
CAS9_STRP1_Spencer_2017_positive	CAS9_STRP1	Q99ZW2	5.0	18	reviewed	2017	Prokaryote	1368	False
CASP3_HUMAN_Roychowdhury_2020	CASP3_HUMAN	P42574	5.0	37	reviewed	2022	Human	258	False
CASP7_HUMAN_Roychowdhury_2020	CASP7_HUMAN	P55210	5.0	54	reviewed	2022	Human	281	False
CATR_CHLRE_Tsuboyama_2023_2AMI	CATR_CHLRE	P05434	3.0	5	reviewed	2023	Eukaryote	72	True
CBPA2_HUMAN_Tsuboyama_2023_1O6X	CBPA2_HUMAN	P48052	5.0	13	reviewed	2023	Human	72	True
CBS_HUMAN_Sun_2020	CBS_HUMAN	P35520	5.0	58	reviewed	2020	Human	551	False
CBX4_HUMAN_Tsuboyama_2023_2K28	CBX4_HUMAN	O00257	5.0	28	reviewed	2023	Human	50	True
CCDB_ECOLI_Adkar_2012	CCDB_ECOLI	P62554	5.0	14	reviewed	2012	Prokaryote	101	False
CCDB_ECOLI_Tripathi_2016	CCDB_ECOLI	P62554	5.0	14	reviewed	2016	Prokaryote	101	False
CCR5_HUMAN_Gill_2023	CCR5_HUMAN	P51681	5.0	36	reviewed	2023	Human	352	False
CD19_HUMAN_Klesmith_2019_FMC_singles	CD19_HUMAN	P15391	5.0	24	reviewed	2019	Human	556	False
CP2C9_HUMAN_Amorosi_2021_abundance	CP2C9_HUMAN	P11712	5.0	34	reviewed	2021	Human	490	False
CP2C9_HUMAN_Amorosi_2021_activity	CP2C9_HUMAN	P11712	5.0	34	reviewed	2021	Human	490	False
CSN4_MOUSE_Tsuboyama_2023_1UFM	CSN4_MOUSE	O88544	4.0	3	reviewed	2023	Eukaryote	72	True
CUE1_YEAST_Tsuboyama_2023_2MYX	CUE1_YEAST	P38428	5.0	18	reviewed	2023	Eukaryote	52	True
D7PM05_CLYGR_Somermeyer_2022	D7PM05_CLYGR	D7PM05	2.0	1	unreviewed	2022	Eukaryote	235	True
DLG4_HUMAN_Faure_2021	DLG4_HUMAN	P78352	5.0	22	reviewed	2022	Human	724	True
DLG4_RAT_McLaughlin_2012	DLG4_RAT	P31016	5.0	47	reviewed	2012	Eukaryote	724	False
DN7A_SACS2_Tsuboyama_2023_1JIC	DN7A_SACS2	P61991	5.0	3	reviewed	2023	Prokaryote	55	False
DNJA1_HUMAN_Tsuboyama_2023_2LO1	DNJA1_HUMAN	P31689	5.0	25	reviewed	2023	Human	65	True
DOCK1_MOUSE_Tsuboyama_2023_2M0Y	DOCK1_MOUSE	Q8BUR4	5.0	7	reviewed	2023	Eukaryote	66	True
DYR_ECOLI_Nguyen_2023	DYR_ECOLI	P0ABQ4	5.0	19	reviewed	2023	Prokaryote	159	False
DYR_ECOLI_Thompson_2019	DYR_ECOLI	P0ABQ4	5.0	19	reviewed	2019	Prokaryote	159	False
ENV_HV1B9_DuenasDecamp_2016	ENV_HV1B9	Q73372	5.0	1	reviewed	2016	Virus	853	False
ENV_HV1BR_Haddox_2016	ENV_HV1BR	P03377	5.0	19	reviewed	2016	Virus	861	False
ENVZ_ECOLI_Ghose_2023	ENVZ_ECOLI	P0AEJ4	5.0	30	reviewed	2023	Prokaryote	60	False
EPHB2_HUMAN_Tsuboyama_2023_1F0M	EPHB2_HUMAN	P29323	5.0	22	reviewed	2023	Human	66	True
ERBB2_HUMAN_Elazar_2016	ERBB2_HUMAN	P04626	5.0	50	reviewed	2016	Human	1255	False
ESTA_BACSU_Nutschel_2020	ESTA_BACSU	P37957	5.0	8	reviewed	2020	Prokaryote	212	False
F7YBW8_MESOW_Ding_2023	F7YBW8_MESOW	F7YBW8	1.0	2	unreviewed	2023	Prokaryote	93	True
F7YBW8_MESOW_Aakre_2015	F7YBW8_MESOW	F7YBW8	1.0	2	unreviewed	2015	Prokaryote	93	True
FECA_ECOLI_Tsuboyama_2023_2D1U	FECA_ECOLI	P13036	5.0	8	reviewed	2023	Prokaryote	72	True
FKBP3_HUMAN_Tsuboyama_2023_2KFV	FKBP3_HUMAN	Q00688	5.0	16	reviewed	2023	Human	69	False
GAL4_YEAST_Kitzman_2015	GAL4_YEAST	P04386	5.0	17	reviewed	2015	Eukaryote	881	False
GCN4_YEAST_Staller_2018	GCN4_YEAST	P03069	5.0	33	reviewed	2018	Eukaryote	281	True
GDIA_HUMAN_Silverstein_2021	GDIA_HUMAN	P31150	5.0	17	reviewed	2021	Human	447	False
GFP_AEQVI_Sarkisyan_2016	GFP_AEQVI	P42212	5.0	34	reviewed	2016	Eukaryote	238	True
GLPA_HUMAN_Elazar_2016	GLPA_HUMAN	P02724	5.0	41	reviewed	2016	Human	150	False
GRB2_HUMAN_Faure_2021	GRB2_HUMAN	P62993	5.0	101	reviewed	2022	Human	217	True
HCP_LAMBD_Tsuboyama_2023_2L6Q	HCP_LAMBD	P68660	2.0	6	reviewed	2023	Virus	55	False
HECD1_HUMAN_Tsuboyama_2023_3DKM	HECD1_HUMAN	Q9ULT8	5.0	13	reviewed	2023	Human	72	True
HEM3_HUMAN_Loggerenberg_2023	HEM3_HUMAN	P08397	5.0	64	reviewed	2023	Human	361	False
HIS7_YEAST_Pokusaeva_2019	HIS7_YEAST	P06633	4.0	8	reviewed	2019	Eukaryote	220	True
HMDH_HUMAN_Jiang_2019	HMDH_HUMAN	P04035	5.0	24	reviewed	2019	Human	888	False
HSP82_YEAST_Cote-Hammarlof_2020_growth-H2O2	HSP82_YEAST	P02829	5.0	37	reviewed	2020	Eukaryote	709	False
HSP82_YEAST_Flynn_2019	HSP82_YEAST	P02829	5.0	37	reviewed	2019	Eukaryote	709	False
HSP82_YEAST_Mishra_2016	HSP82_YEAST	P02829	5.0	37	reviewed	2016	Eukaryote	709	False
HXK4_HUMAN_Gersing_2022_activity	HXK4_HUMAN	P35557	5.0	47	reviewed	2022	Human	465	False
HXK4_HUMAN_Gersing_2023_abundance	HXK4_HUMAN	P35557	5.0	47	reviewed	2023	Human	465	False
I6TAH8_I68A0_Doud_2015	I6TAH8_I68A0	I6TAH8	3.0	8	unreviewed	2015	Virus	498	False
IF1_ECOLI_Kelsic_2016	IF1_ECOLI	P69222	4.0	12	reviewed	2016	Prokaryote	72	False
ILF3_HUMAN_Tsuboyama_2023_2L33	ILF3_HUMAN	Q12906	5.0	41	reviewed	2023	Human	71	False
ISDH_STAAW_Tsuboyama_2023_2LHR	ISDH_STAAW	Q8NW39	3.0	1	reviewed	2023	Prokaryote	55	True
KCNE1_HUMAN_Muhammad_2023_expression	KCNE1_HUMAN	P15382	5.0	25	reviewed	2023	Human	129	False
KCNE1_HUMAN_Muhammad_2023_function	KCNE1_HUMAN	P15382	5.0	25	reviewed	2023	Human	129	False
KCNH2_HUMAN_Kozek_2020	KCNH2_HUMAN	Q12809	5.0	56	reviewed	2020	Human	1159	False
KCNJ2_MOUSE_Coyote-Maestas_2022_function	KCNJ2_MOUSE	P35561	5.0	5	reviewed	2022	Eukaryote	428	False
KCNJ2_MOUSE_Coyote-Maestas_2022_surface	KCNJ2_MOUSE	P35561	5.0	5	reviewed	2022	Eukaryote	428	False
KKA2_KLEPN_Melnikov_2014	KKA2_KLEPN	P00552	4.0	3	reviewed	2014	Prokaryote	264	False
LGK_LIPST_Klesmith_2015	LGK_LIPST	B3VI55	4.0	3	reviewed	2015	Eukaryote	439	False
LYAM1_HUMAN_Elazar_2016	LYAM1_HUMAN	P14151	5.0	15	reviewed	2016	Human	372	False
MAFG_MOUSE_Tsuboyama_2023_1K1V	MAFG_MOUSE	O54790	5.0	5	reviewed	2023	Eukaryote	41	True
MBD11_ARATH_Tsuboyama_2023_6ACV	MBD11_ARATH	Q9LW00	3.0	7	reviewed	2023	Eukaryote	66	True
MET_HUMAN_Estevam_2023	MET_HUMAN	P08581	5.0	62	reviewed	2023	Human	287	False
MK01_HUMAN_Brenan_2016	MK01_HUMAN	P28482	5.0	74	reviewed	2016	Human	360	False
MLAC_ECOLI_MacRae_2023	MLAC_ECOLI	P0ADV7	4.0	4	reviewed	2023	Prokaryote	211	False
MSH2_HUMAN_Jia_2020	MSH2_HUMAN	P43246	5.0	115	reviewed	2020	Human	934	False
MTH3_HAEAE_RockahShmuel_2015	MTH3_HAEAE	P20589	4.0	5	reviewed	2015	Prokaryote	330	False
MTHR_HUMAN_Weile_2021	MTHR_HUMAN	P42898	5.0	29	reviewed	2021	Human	656	False
MYO3_YEAST_Tsuboyama_2023_2BTT	MYO3_YEAST	P36006	5.0	17	reviewed	2023	Eukaryote	61	True
NCAP_I34A1_Doud_2015	NCAP_I34A1	P03466	5.0	10	reviewed	2015	Virus	498	False
NKX31_HUMAN_Tsuboyama_2023_2L9R	NKX31_HUMAN	Q99801	5.0	9	reviewed	2023	Human	61	True
NPC1_HUMAN_Erwood_2022_HEK293T	NPC1_HUMAN	O15118	5.0	48	reviewed	2022	Human	1278	False
NPC1_HUMAN_Erwood_2022_RPE1	NPC1_HUMAN	O15118	5.0	48	reviewed	2022	Human	1278	False
NRAM_I33A0_Jiang_2016	NRAM_I33A0	P03470	5.0	7	reviewed	2016	Virus	453	False
NUD15_HUMAN_Suiter_2020	NUD15_HUMAN	Q9NV35	5.0	11	reviewed	2020	Human	164	False
NUSA_ECOLI_Tsuboyama_2023_1WCL	NUSA_ECOLI	P0AFF6	5.0	28	reviewed	2023	Prokaryote	69	True
NUSG_MYCTU_Tsuboyama_2023_2MI6	NUSG_MYCTU	P9WIU9	3.0	3	reviewed	2023	Prokaryote	55	True
OBSCN_HUMAN_Tsuboyama_2023_1V1C	OBSCN_HUMAN	Q5VST9	5.0	15	reviewed	2023	Human	65	True
ODP2_GEOSE_Tsuboyama_2023_1W4G	ODP2_GEOSE	P11961	5.0	6	reviewed	2023	Prokaryote	44	True
OPSD_HUMAN_Wan_2019	OPSD_HUMAN	P08100	5.0	46	reviewed	2019	Human	348	False
OTC_HUMAN_Lo_2023	OTC_HUMAN	P00480	5.0	56	reviewed	2023	Human	354	False
OTU7A_HUMAN_Tsuboyama_2023_2L2D	OTU7A_HUMAN	Q8TE49	5.0	5	reviewed	2023	Human	42	False
OXDA_RHOTO_Vanella_2023_activity	OXDA_RHOTO	P80324	5.0	20	reviewed	2023	Eukaryote	364	False
OXDA_RHOTO_Vanella_2023_expression	OXDA_RHOTO	P80324	5.0	20	reviewed	2023	Eukaryote	364	False
P53_HUMAN_Giacomelli_2018_Null_Etoposide	P53_HUMAN	P04637	5.0	225	reviewed	2018	Human	393	False
P53_HUMAN_Giacomelli_2018_Null_Nutlin	P53_HUMAN	P04637	5.0	225	reviewed	2018	Human	393	False
P53_HUMAN_Giacomelli_2018_WT_Nutlin	P53_HUMAN	P04637	5.0	225	reviewed	2018	Human	393	False
P53_HUMAN_Kotler_2018	P53_HUMAN	P04637	5.0	225	reviewed	2018	Human	393	False
P84126_THETH_Chan_2017	P84126_THETH	P84126	2.0	1	unreviewed	2017	Prokaryote	254	False
PA_I34A1_Wu_2015	PA_I34A1	P03433	5.0	11	reviewed	2015	Virus	716	False
PABP_YEAST_Melamed_2013	PABP_YEAST	P04147	5.0	42	reviewed	2013	Eukaryote	577	True
PAI1_HUMAN_Huttinger_2021	PAI1_HUMAN	P05121	5.0	38	reviewed	2021	Human	402	False
PHOT_CHLRE_Chen_2023	PHOT_CHLRE	Q8LPD9	5.0	6	reviewed	2023	Eukaryote	118	True
PIN1_HUMAN_Tsuboyama_2023_1I6C	PIN1_HUMAN	Q13526	5.0	22	reviewed	2023	Human	39	True
PITX2_HUMAN_Tsuboyama_2023_2L7M	PITX2_HUMAN	Q99697	5.0	15	reviewed	2023	Human	52	True
PKN1_HUMAN_Tsuboyama_2023_1URF	PKN1_HUMAN	Q16512	5.0	42	reviewed	2023	Human	71	False
POLG_CXB3N_Mattenberger_2021	POLG_CXB3N	P03313	5.0	22	reviewed	2021	Virus	2185	False
POLG_DEN26_Suphatrakul_2023	POLG_DEN26	P29990	5.0	20	reviewed	2023	Virus	900	False
POLG_HCVJF_Qi_2014	POLG_HCVJF	Q99IB8	5.0	29	reviewed	2014	Virus	3033	False
POLG_PESV_Tsuboyama_2023_2MXD	POLG_PESV	Q9QEJ5	5.0	4	reviewed	2023	Virus	53	True
PPARG_HUMAN_Majithia_2016	PPARG_HUMAN	P37231	5.0	53	reviewed	2016	Human	505	False
PPM1D_HUMAN_Miller_2022	PPM1D_HUMAN	O15297	5.0	10	reviewed	2022	Human	605	False
PR40A_HUMAN_Tsuboyama_2023_1UZC	PR40A_HUMAN	O75400	5.0	23	reviewed	2023	Human	63	True
PRKN_HUMAN_Clausen_2023	PRKN_HUMAN	O60260	5.0	88	reviewed	2023	Human	465	False
PSAE_PICP2_Tsuboyama_2023_1PSE	PSAE_PICP2	P31969	2.0	2	reviewed	2023	Prokaryote	68	True
PTEN_HUMAN_Matreyek_2021	PTEN_HUMAN	P60484	5.0	78	reviewed	2021	Human	403	False
PTEN_HUMAN_Mighell_2018	PTEN_HUMAN	P60484	5.0	78	reviewed	2018	Human	403	False
Q53Z42_HUMAN_McShan_2019_binding-TAPBPR	Q53Z42_HUMAN	Q53Z42	3.0	16	unreviewed	2019	Human	365	False
Q53Z42_HUMAN_McShan_2019_expression	Q53Z42_HUMAN	Q53Z42	3.0	16	unreviewed	2019	Human	365	False
Q59976_STRSQ_Romero_2015	Q59976_STRSQ	Q59976		0		2015	Prokaryote	501	False
Q837P4_ENTFA_Meier_2023	Q837P4_ENTFA	Q837P4	1.0	2	unreviewed	2023	Prokaryote	589	False
Q837P5_ENTFA_Meier_2023	Q837P5_ENTFA	Q837P5	2.0	2	unreviewed	2023	Prokaryote	571	False
Q8WTC7_9CNID_Somermeyer_2022	Q8WTC7_9CNID	Q8WTC7	1.0	2	unreviewed	2022	Eukaryote	238	True
R1AB_SARS2_Flynn_2022	R1AB_SARS2	P0DTD1	5.0	46	reviewed	2022	Virus	306	False
RAD_ANTMA_Tsuboyama_2023_2CJJ	RAD_ANTMA	Q58FS3	3.0	3	reviewed	2023	Eukaryote	54	True
RAF1_HUMAN_Zinkus-Boltz_2019	RAF1_HUMAN	P04049	5.0	67	reviewed	2019	Human	648	False
RASH_HUMAN_Bandaru_2017	RASH_HUMAN	P01112	5.0	60	reviewed	2017	Human	189	False
RASK_HUMAN_Weng_2022_abundance	RASK_HUMAN	P01116	5.0	61	reviewed	2022	Human	188	True
RASK_HUMAN_Weng_2022_binding-DARPin_K55	RASK_HUMAN	P01116	5.0	61	reviewed	2022	Human	188	True
RBP1_HUMAN_Tsuboyama_2023_2KWH	RBP1_HUMAN	Q15311	5.0	25	reviewed	2023	Human	52	True
RCD1_ARATH_Tsuboyama_2023_5OAO	RCD1_ARATH	Q8RY59	5.0	17	reviewed	2023	Eukaryote	57	True
RCRO_LAMBD_Tsuboyama_2023_1ORC	RCRO_LAMBD	P03040	4.0	18	reviewed	2023	Virus	63	True
RD23A_HUMAN_Tsuboyama_2023_1IFY	RD23A_HUMAN	P54725	5.0	31	reviewed	2023	Human	44	True
RDRP_I33A0_Li_2023	RDRP_I33A0	P03430	5.0	3	reviewed	2023	Virus	757	False
REV_HV1H2_Fernandes_2016	REV_HV1H2	P04618	5.0	6	reviewed	2016	Virus	116	False
RFAH_ECOLI_Tsuboyama_2023_2LCL	RFAH_ECOLI	P0AFW0	5.0	13	reviewed	2023	Prokaryote	55	True
RL20_AQUAE_Tsuboyama_2023_1GYZ	RL20_AQUAE	O67086	2.0	1	reviewed	2023	Prokaryote	59	True
RL40A_YEAST_Mavor_2016	RL40A_YEAST	P0CH08	5.0	15	reviewed	2016	Eukaryote	128	False
RL40A_YEAST_Roscoe_2013	RL40A_YEAST	P0CH08	5.0	15	reviewed	2013	Eukaryote	128	False
RL40A_YEAST_Roscoe_2014	RL40A_YEAST	P0CH08	5.0	15	reviewed	2014	Eukaryote	128	False
RNC_ECOLI_Weeks_2023	RNC_ECOLI	P0A7Y0	5.0	28	reviewed	2023	Prokaryote	226	False
RPC1_BP434_Tsuboyama_2023_1R69	RPC1_BP434	P16117	3.0	5	reviewed	2023	Virus	61	True
RPC1_LAMBD_Li_2019_high-expression	RPC1_LAMBD	P03034	4.0	8	reviewed	2019	Virus	237	False
RPC1_LAMBD_Li_2019_low-expression	RPC1_LAMBD	P03034	4.0	8	reviewed	2019	Virus	237	False
RS15_GEOSE_Tsuboyama_2023_1A32	RS15_GEOSE	P05766	3.0	3	reviewed	2023	Prokaryote	63	False
S22A1_HUMAN_Yee_2023_abundance	S22A1_HUMAN	O15245	5.0	34	reviewed	2023	Human	553	False
S22A1_HUMAN_Yee_2023_activity	S22A1_HUMAN	O15245	5.0	34	reviewed	2023	Human	553	False
SAV1_MOUSE_Tsuboyama_2023_2YSB	SAV1_MOUSE	Q8VEB2	5.0	6	reviewed	2023	Eukaryote	43	True
SBI_STAAM_Tsuboyama_2023_2JVG	SBI_STAAM	Q931F4	3.0	4	reviewed	2023	Prokaryote	56	False
SC6A4_HUMAN_Young_2021	SC6A4_HUMAN	P31645	5.0	30	reviewed	2021	Human	630	False
SCIN_STAAR_Tsuboyama_2023_2QFF	SCIN_STAAR	Q6GFB4	2.0	2	reviewed	2023	Prokaryote	70	False
SCN5A_HUMAN_Glazer_2019	SCN5A_HUMAN	Q14524	5.0	111	reviewed	2019	Human	2016	False
SDA_BACSU_Tsuboyama_2023_1PV0	SDA_BACSU	Q7WY62	3.0	3	reviewed	2023	Prokaryote	44	True
SERC_HUMAN_Xie_2023	SERC_HUMAN	Q9Y617	5.0	15	reviewed	2023	Human	370	False
SHOC2_HUMAN_Kwon_2022	SHOC2_HUMAN	Q9UQ13	5.0	19	reviewed	2022	Human	582	False
SOX30_HUMAN_Tsuboyama_2023_7JJK	SOX30_HUMAN	O94993	5.0	3	reviewed	2023	Human	57	False
SPA_STAAU_Tsuboyama_2023_1LP1	SPA_STAAU	P38507	4.0	6	reviewed	2023	Prokaryote	55	True
SPG1_STRSG_Olson_2014	SPG1_STRSG	P06654	3.0	6	reviewed	2014	Prokaryote	448	True
SPG1_STRSG_Wu_2016	SPG1_STRSG	P06654	3.0	6	reviewed	2016	Prokaryote	448	True
SPG2_STRSG_Tsuboyama_2023_5UBS	SPG2_STRSG	P19909	2.0	4	reviewed	2023	Prokaryote	56	True
SPIKE_SARS2_Starr_2020_binding	SPIKE_SARS2	P0DTC2	5.0	53	reviewed	2020	Virus	1273	False
SPIKE_SARS2_Starr_2020_expression	SPIKE_SARS2	P0DTC2	5.0	53	reviewed	2020	Virus	1273	False
SPTN1_CHICK_Tsuboyama_2023_1TUD	SPTN1_CHICK	P07751	5.0	9	reviewed	2023	Eukaryote	60	True
SQSTM_MOUSE_Tsuboyama_2023_2RRU	SQSTM_MOUSE	Q64337	5.0	29	reviewed	2023	Eukaryote	40	False
SR43C_ARATH_Tsuboyama_2023_2N88	SR43C_ARATH	O22265	5.0	16	reviewed	2023	Eukaryote	48	True
SRBS1_HUMAN_Tsuboyama_2023_2O2W	SRBS1_HUMAN	Q9BX66	5.0	17	reviewed	2023	Human	67	True
SRC_HUMAN_Ahler_2019	SRC_HUMAN	P12931	5.0	87	reviewed	2019	Human	536	False
SRC_HUMAN_Chakraborty_2023_binding-DAS_25uM	SRC_HUMAN	P12931	5.0	87	reviewed	2022	Human	536	False
SRC_HUMAN_Nguyen_2022	SRC_HUMAN	P12931	5.0	87	reviewed	2022	Human	536	False
SUMO1_HUMAN_Weile_2017	SUMO1_HUMAN	P63165	5.0	56	reviewed	2017	Human	101	False
SYUA_HUMAN_Newberry_2020	SYUA_HUMAN	P37840	5.0	46	reviewed	2020	Human	140	False
TADBP_HUMAN_Bolognesi_2019	TADBP_HUMAN	Q13148	5.0	51	reviewed	2019	Human	414	False
TAT_HV1BR_Fernandes_2016	TAT_HV1BR	P04610	5.0	44	reviewed	2016	Virus	86	False
TCRG1_MOUSE_Tsuboyama_2023_1E0L	TCRG1_MOUSE	Q8CGF7	5.0	9	reviewed	2023	Eukaryote	37	True
THO1_YEAST_Tsuboyama_2023_2WQG	THO1_YEAST	P40040	5.0	9	reviewed	2023	Eukaryote	41	True
TNKS2_HUMAN_Tsuboyama_2023_5JRT	TNKS2_HUMAN	Q9H2K2	5.0	18	reviewed	2023	Human	59	True
TPK1_HUMAN_Weile_2017	TPK1_HUMAN	Q9H3S4	5.0	8	reviewed	2017	Human	243	False
TPMT_HUMAN_Matreyek_2018	TPMT_HUMAN	P51580	5.0	30	reviewed	2018	Human	245	False
TPOR_HUMAN_Bridgford_2020	TPOR_HUMAN	P40238	5.0	18	reviewed	2020	Human	635	False
TRPC_SACS2_Chan_2017	TRPC_SACS2	Q06121	2.0	4	reviewed	2017	Prokaryote	248	False
TRPC_THEMA_Chan_2017	TRPC_THEMA	Q56319	2.0	2	reviewed	2017	Prokaryote	252	False
UBC9_HUMAN_Weile_2017	UBC9_HUMAN	P63279	5.0	68	reviewed	2017	Human	159	False
UBE4B_HUMAN_Tsuboyama_2023_3L1X	UBE4B_HUMAN	O95155	5.0	29	reviewed	2023	Human	69	True
UBE4B_MOUSE_Starita_2013	UBE4B_MOUSE	Q9ES00	5.0	13	reviewed	2013	Eukaryote	1173	False
UBR5_HUMAN_Tsuboyama_2023_1I2T	UBR5_HUMAN	O95071	5.0	41	reviewed	2023	Human	58	True
VILI_CHICK_Tsuboyama_2023_1YU5	VILI_CHICK	P02640	5.0	10	reviewed	2023	Eukaryote	65	True
VKOR1_HUMAN_Chiasson_2020_abundance	VKOR1_HUMAN	Q9BQB6	5.0	16	reviewed	2020	Human	163	False
VKOR1_HUMAN_Chiasson_2020_activity	VKOR1_HUMAN	Q9BQB6	5.0	16	reviewed	2020	Human	163	False
VRPI_BPT7_Tsuboyama_2023_2WNM	VRPI_BPT7	P03704	2.0	5	reviewed	2023	Virus	56	False
YAIA_ECOLI_Tsuboyama_2023_2KVT	YAIA_ECOLI	P0AAN5	1.0	3	reviewed	2023	Prokaryote	52	True
YAP1_HUMAN_Araya_2012	YAP1_HUMAN	P46937	5.0	49	reviewed	2012	Human	504	True
YNZC_BACSU_Tsuboyama_2023_2JVD	YNZC_BACSU	O31818	2.0	2	reviewed	2023	Prokaryote	39	True
