DMS_id,n_scored,n_mismatch,rho,wtll,seq_len
A0A1I9GEU1_NEIME_Kennouche_2019,922,0,0.031513241665795014,-0.29551927918627546,161
A0A247D711_LISMN_Stadelmann_2021,1653,0,0.06561838277868268,-0.3555410994095032,87
A4_HUMAN_Seuma_2022,796,0,0.49918028389146313,-0.2376386011538092,770
AACC1_PSEAI_Dandage_2018,1801,0,0.4762339408575752,-0.26796997806792655,177
ACE2_HUMAN_Chan_2020,2223,0,0.22969190760278368,-0.22550915390986448,805
ADRB2_HUMAN_Jones_2020,7800,0,0.49712458203436455,-0.3553668509711938,413
AICDA_HUMAN_Gajula_2014_3cycles,209,0,0.2897736690570007,-0.37737640873379086,198
AMFR_HUMAN_Tsuboyama_2023_4G3O,820,0,0.5210560846222294,-0.17111130312340275,47
AMIE_PSEAE_Wrenbeck_2017,6227,0,0.5533150951472172,-0.2857682424081564,346
ARGR_ECOLI_Tsuboyama_2023_1AOY,1287,0,0.5100825257191476,-0.2913187710109396,69
B2L11_HUMAN_Dutta_2010_binding-Mcl-1,170,0,0.3215478654868986,-0.2783112637138622,198
BBC1_YEAST_Tsuboyama_2023_1TG0,1084,0,0.5770527629067091,-0.2073205967035392,64
BCHB_CHLTE_Tsuboyama_2023_2KRU,890,0,0.43575406836487973,-0.3107177013880573,52
BLAT_ECOLX_Deng_2012,4996,0,0.5291241260329259,-0.1753750941706976,286
BLAT_ECOLX_Firnberg_2014,4783,0,0.7279302454307776,-0.1753750941706976,286
BLAT_ECOLX_Jacquier_2013,989,0,0.6932998732957556,-0.1753750941706976,286
BLAT_ECOLX_Stiffler_2015,4996,0,0.722656851347228,-0.1753750941706976,286
BRCA1_HUMAN_Findlay_2018,1837,0,0.5077752048675466,-0.4000297514234871,1863
BRCA2_HUMAN_Erwood_2022_HEK293T,265,0,0.4796470163401643,-0.3771954799221638,3418
C6KNH7_9INFA_Lee_2018,10754,0,0.4636099757566906,-0.18706547376339186,566
CALM1_HUMAN_Weile_2017,1813,0,0.20998833474307327,-0.0897463446120268,149
CAPSD_AAV2S_Sinai_2021,532,0,0.18252774111001743,-0.3233465611835669,735
CAR11_HUMAN_Meitlis_2020_gof,2374,0,0.3283689168646318,-0.3410210813555586,1154
CAR11_HUMAN_Meitlis_2020_lof,2395,0,0.5003299887486604,-0.3410210813555586,1154
CAS9_STRP1_Spencer_2017_positive,8117,0,0.181111783803605,-0.29290295384849446,1368
CASP3_HUMAN_Roychowdhury_2020,1567,0,0.6325703313108649,-0.11988024433753179,258
CASP7_HUMAN_Roychowdhury_2020,1680,0,0.6139018210091082,-0.11288227163992987,281
CATR_CHLRE_Tsuboyama_2023_2AMI,1340,0,0.38904985375811024,-0.10267598947605923,72
CBPA2_HUMAN_Tsuboyama_2023_1O6X,1357,0,0.4909723185800754,-0.24978670954361507,72
CBS_HUMAN_Sun_2020,7217,0,0.33682106164287395,-0.22185618192961293,551
CBX4_HUMAN_Tsuboyama_2023_2K28,917,0,0.683533973385792,-0.13510205900063738,50
CCDB_ECOLI_Adkar_2012,1176,0,0.47826147237079025,-0.20614530689124536,101
CCDB_ECOLI_Tripathi_2016,1663,0,0.5141003740329845,-0.20614530689124536,101
CCR5_HUMAN_Gill_2023,6137,0,0.3448467728101436,-0.27370856714605907,352
CD19_HUMAN_Klesmith_2019_FMC_singles,3761,0,0.05274367440010372,-0.3730984032392777,556
CP2C9_HUMAN_Amorosi_2021_abundance,6370,0,0.6278501996842445,-0.19586834228919506,490
CP2C9_HUMAN_Amorosi_2021_activity,6142,0,0.6720397137080404,-0.19586834228919506,490
CSN4_MOUSE_Tsuboyama_2023_1UFM,1353,0,0.3770119882916101,-0.09202488809791652,72
CUE1_YEAST_Tsuboyama_2023_2MYX,955,0,0.48906312881543074,-0.3021729247322163,52
D7PM05_CLYGR_Somermeyer_2022,1169,0,0.001622463772196696,-0.47904220639945977,235
DLG4_HUMAN_Faure_2021,1280,0,0.49928512357910304,-0.1754553312527859,724
DLG4_RAT_McLaughlin_2012,1576,0,0.439119594297738,-0.17727467181228007,724
DN7A_SACS2_Tsuboyama_2023_1JIC,1008,0,0.31953006710354426,-0.3955064877867699,55
DNJA1_HUMAN_Tsuboyama_2023_2LO1,1216,0,0.6080778824781912,-0.1969529493416373,65
DOCK1_MOUSE_Tsuboyama_2023_2M0Y,1213,0,0.5477919224548958,-0.3109166105335162,66
DYR_ECOLI_Nguyen_2023,2916,0,0.5383917159993452,-0.18254789119108972,159
DYR_ECOLI_Thompson_2019,2363,0,0.47925478313692693,-0.18254789119108972,159
ENV_HV1B9_DuenasDecamp_2016,375,0,0.042246560628454534,-0.4453459687530039,853
ENV_HV1BR_Haddox_2016,12863,0,0.035941026736159114,-0.43411440572910426,861
ENVZ_ECOLI_Ghose_2023,1121,0,0.17332798003926464,-0.21069862877581425,60
EPHB2_HUMAN_Tsuboyama_2023_1F0M,1239,0,0.6804058759451194,-0.20138963470261925,66
ERBB2_HUMAN_Elazar_2016,326,0,0.4218081152214808,-0.1605337899756198,1255
ESTA_BACSU_Nutschel_2020,2172,0,0.30020322191854026,-0.2797798325261952,212
F7YBW8_MESOW_Ding_2023,80,0,0.3195733708391936,-0.21966246236545992,93
FECA_ECOLI_Tsuboyama_2023_2D1U,1219,0,0.5263938089724083,-0.21676006478931717,72
FKBP3_HUMAN_Tsuboyama_2023_2KFV,1237,0,0.21760096746680244,-0.4047238835120115,69
GAL4_YEAST_Kitzman_2015,1195,0,0.6557583715939419,-0.3746489689536218,881
GDIA_HUMAN_Silverstein_2021,1154,0,0.3784020955491465,-0.10150113116983132,447
GFP_AEQVI_Sarkisyan_2016,1084,0,0.06308925384210247,-0.5005223639446366,238
GLPA_HUMAN_Elazar_2016,245,0,0.4065149450423913,-0.4027534914265076,150
GRB2_HUMAN_Faure_2021,1034,0,0.7343373547759254,-0.2436337283748455,217
HCP_LAMBD_Tsuboyama_2023_2L6Q,1040,0,0.6954596389234828,-0.304798022018936,55
HECD1_HUMAN_Tsuboyama_2023_3DKM,1244,0,0.6279297674072004,-0.26093467098993034,72
HEM3_HUMAN_Loggerenberg_2023,5689,0,0.3846826103276833,-0.17002972278957745,361
HIS7_YEAST_Pokusaeva_2019,168,0,0.07118072691679277,-0.1826507786615614,220
HMDH_HUMAN_Jiang_2019,16853,0,0.5041844233882665,-0.3089356764241226,888
HSP82_YEAST_Cote-Hammarlof_2020_growth-H2O2,2252,0,0.24006525741568055,-0.2862969368555553,709
HSP82_YEAST_Flynn_2019,13294,0,0.27603027810473335,-0.2862969368555553,709
HSP82_YEAST_Mishra_2016,4323,0,0.43585461895577526,-0.2862969368555553,709
HXK4_HUMAN_Gersing_2022_activity,8570,0,0.5121103462212651,-0.23822523590595235,465
HXK4_HUMAN_Gersing_2023_abundance,8396,0,0.37199450937037953,-0.23822523590595235,465
I6TAH8_I68A0_Doud_2015,9462,0,0.016834754386435235,-0.46812932301790383,498
IF1_ECOLI_Kelsic_2016,1367,0,0.5793849042934011,-0.08340203008330921,72
ILF3_HUMAN_Tsuboyama_2023_2L33,1329,0,0.28022022065416746,-0.020791572314817427,71
ISDH_STAAW_Tsuboyama_2023_2LHR,940,0,0.3424597366577643,-0.41348368689756504,55
KCNE1_HUMAN_Muhammad_2023_expression,2339,0,0.10170055709093065,-0.17357412551131726,129
KCNE1_HUMAN_Muhammad_2023_function,2315,0,0.5272828442017213,-0.17357412551131726,129
KCNH2_HUMAN_Kozek_2020,200,0,0.5202490062251557,-0.3244760663306489,1159
KCNJ2_MOUSE_Coyote-Maestas_2022_function,6963,0,0.3714287685957294,-0.2335252319909822,428
KCNJ2_MOUSE_Coyote-Maestas_2022_surface,6917,0,0.3453895777698381,-0.2335252319909822,428
KKA2_KLEPN_Melnikov_2014,4960,0,0.5792680615658719,-0.2417305487906009,264
LGK_LIPST_Klesmith_2015,7890,0,0.5164333008861478,-0.15358030869500905,439
LYAM1_HUMAN_Elazar_2016,359,0,0.321196521555099,-0.27140331870563267,372
MAFG_MOUSE_Tsuboyama_2023_1K1V,762,0,0.5057418899202718,-0.36377194782764444,41
MBD11_ARATH_Tsuboyama_2023_6ACV,1155,0,0.5253511979495921,-0.2943833645955293,66
MET_HUMAN_Estevam_2023,5393,0,0.588492271769848,-0.20296891345079443,287
MK01_HUMAN_Brenan_2016,6809,0,0.16391920707294375,-0.1756189699829823,360
MLAC_ECOLI_MacRae_2023,4007,0,0.3659733543224936,-0.23431441646052528,211
MSH2_HUMAN_Jia_2020,16749,0,0.3186957781160936,-0.10295765563374201,934
MTH3_HAEAE_RockahShmuel_2015,1777,0,0.5017549437085009,-0.27967882900164553,330
MTHR_HUMAN_Weile_2021,12464,0,0.32223536355460064,-0.14815213511051076,656
MYO3_YEAST_Tsuboyama_2023_2BTT,947,0,0.5000841562707911,-0.19825437979974983,61
NCAP_I34A1_Doud_2015,9462,0,0.01995111643650241,-0.4562514027269769,498
NKX31_HUMAN_Tsuboyama_2023_2L9R,1149,0,0.6893570046155677,-0.32981302556639047,61
NPC1_HUMAN_Erwood_2022_HEK293T,637,0,0.708452436122294,-0.24455844327755252,1278
NPC1_HUMAN_Erwood_2022_RPE1,63,0,0.7032450076804916,-0.24455844327755252,1278
NRAM_I33A0_Jiang_2016,298,0,0.16632963379388824,-0.35566314966028834,453
NUD15_HUMAN_Suiter_2020,2844,0,0.5280638672749846,-0.3633264516216824,164
NUSA_ECOLI_Tsuboyama_2023_1WCL,1306,0,0.47603677138455186,-0.26029824404437363,69
NUSG_MYCTU_Tsuboyama_2023_2MI6,1019,0,0.5704453247990027,-0.202311623706059,55
OBSCN_HUMAN_Tsuboyama_2023_1V1C,1213,0,0.6639000997117059,-0.18509541762636778,65
ODP2_GEOSE_Tsuboyama_2023_1W4G,669,0,0.5208934784203094,-0.3047921217313904,44
OPSD_HUMAN_Wan_2019,165,0,0.47663291747922965,-0.09936131623541884,348
OTC_HUMAN_Lo_2023,1570,0,0.5229416884299863,-0.2766933857339383,354
OTU7A_HUMAN_Tsuboyama_2023_2L2D,635,0,0.3338442078110273,-0.1636878391194235,42
OXDA_RHOTO_Vanella_2023_activity,6396,0,0.3544186243703761,-0.29231766902614836,364
OXDA_RHOTO_Vanella_2023_expression,6769,0,0.29869189124072365,-0.29231766902614836,364
P53_HUMAN_Giacomelli_2018_Null_Etoposide,7467,0,0.4242532227055691,-0.33414313857088423,393
P53_HUMAN_Giacomelli_2018_Null_Nutlin,7467,0,0.3968665763905766,-0.33414313857088423,393
P53_HUMAN_Giacomelli_2018_WT_Nutlin,7467,0,0.384339869029848,-0.33414313857088423,393
P53_HUMAN_Kotler_2018,1048,0,0.6624038863342075,-0.3319828895841676,393
P84126_THETH_Chan_2017,1519,0,0.5869416372427971,-0.16439451155542703,254
PA_I34A1_Wu_2015,1820,0,0.0384955426052855,-0.48966525612443207,716
PABP_YEAST_Melamed_2013,1187,0,0.6407694335892842,-0.2640543131490432,577
PAI1_HUMAN_Huttinger_2021,5345,0,0.4444375155594964,-0.24069451979745615,402
PHOT_CHLRE_Chen_2023,2122,0,0.6459232732574046,-0.1748956175558876,118
PIN1_HUMAN_Tsuboyama_2023_1I6C,686,0,0.636278283893255,-0.21770478070800145,39
PITX2_HUMAN_Tsuboyama_2023_2L7M,938,0,0.6383078443533224,-0.28191848743209935,52
PKN1_HUMAN_Tsuboyama_2023_1URF,1301,0,0.30534366578104644,-0.12547459156669735,71
POLG_CXB3N_Mattenberger_2021,15711,0,0.3814486818417647,-0.24207973726186358,2185
POLG_DEN26_Suphatrakul_2023,16897,0,0.1425632677142998,-0.430821078655673,900
POLG_HCVJF_Qi_2014,1630,0,0.1355035414685655,-0.38187309676477704,3033
POLG_PESV_Tsuboyama_2023_2MXD,995,0,0.1007083367188662,-0.4534874382727551,53
PPARG_HUMAN_Majithia_2016,9576,0,0.5899594240334848,-0.3151265285113503,505
PPM1D_HUMAN_Miller_2022,7889,0,0.593335049516662,-0.33443149694265994,605
PR40A_HUMAN_Tsuboyama_2023_1UZC,1163,0,0.569462005595669,-0.15069173967062924,63
PRKN_HUMAN_Clausen_2023,8756,0,0.5029033384547124,-0.3388893052259406,465
PSAE_PICP2_Tsuboyama_2023_1PSE,1219,0,0.5799856467859923,-0.35631503253363705,68
PTEN_HUMAN_Matreyek_2021,5083,0,0.4643765981417533,-0.16438224787088082,403
PTEN_HUMAN_Mighell_2018,7260,0,0.49267937949845175,-0.16438224787088082,403
Q53Z42_HUMAN_McShan_2019_binding-TAPBPR,3344,0,0.3218790701579027,-0.24746880806453864,365
Q53Z42_HUMAN_McShan_2019_expression,3344,0,0.5595728313080104,-0.24746880806453864,365
Q837P4_ENTFA_Meier_2023,697,0,0.5108670250555353,-0.23865388904653773,589
Q837P5_ENTFA_Meier_2023,747,0,0.3900037361816983,-0.22320664559754416,571
Q8WTC7_9CNID_Somermeyer_2022,1201,0,-0.04011494885789122,-0.4930514062484805,238
R1AB_SARS2_Flynn_2022,5725,0,0.11802758796875473,-0.46772352769291614,306
RAD_ANTMA_Tsuboyama_2023_2CJJ,774,0,0.28826196199761456,-0.24432720994378473,54
RAF1_HUMAN_Zinkus-Boltz_2019,297,0,0.44900011756433184,-0.28196988875758205,648
RASH_HUMAN_Bandaru_2017,3134,0,0.4769127407549282,-0.11934415426188184,189
RASK_HUMAN_Weng_2022_abundance,3066,0,0.1934494458723553,-0.09305778817767357,188
RASK_HUMAN_Weng_2022_binding-DARPin_K55,3084,0,0.5519167757245145,-0.09305778817767357,188
RBP1_HUMAN_Tsuboyama_2023_2KWH,975,0,0.6069917217128312,-0.40530972188123715,52
RCD1_ARATH_Tsuboyama_2023_5OAO,988,0,0.46825617957905136,-0.26046562614021496,57
RCRO_LAMBD_Tsuboyama_2023_1ORC,1195,0,0.49312783252684694,-0.39698840401852353,63
RD23A_HUMAN_Tsuboyama_2023_1IFY,798,0,0.5149612433698556,-0.17914412799787402,44
RDRP_I33A0_Li_2023,12003,0,0.2904083048196251,-0.12287488236421458,757
REV_HV1H2_Fernandes_2016,2147,0,0.22650383330033325,-0.04096163025202133,116
RFAH_ECOLI_Tsuboyama_2023_2LCL,969,0,0.332156847797616,-0.281967849945332,55
RL20_AQUAE_Tsuboyama_2023_1GYZ,1121,0,0.43854092200500344,-0.10777957937078377,59
RL40A_YEAST_Mavor_2016,1253,0,0.5245925091127116,-0.21084086518732192,128
RL40A_YEAST_Roscoe_2013,1195,0,0.5955664048120144,-0.21084086518732192,128
RL40A_YEAST_Roscoe_2014,1380,0,0.5279607121059784,-0.21084086518732192,128
RNC_ECOLI_Weeks_2023,4277,0,0.5835266831946949,-0.2125557711320025,226
RPC1_BP434_Tsuboyama_2023_1R69,1124,0,0.6086120616168563,-0.28122075395463,61
RPC1_LAMBD_Li_2019_high-expression,351,0,0.5345912420912421,-0.2726144777629441,237
RPC1_LAMBD_Li_2019_low-expression,351,0,0.4946625596625596,-0.2726144777629441,237
RS15_GEOSE_Tsuboyama_2023_1A32,1195,0,0.4166239321317971,-0.11210513327710538,63
S22A1_HUMAN_Yee_2023_abundance,9803,0,0.6183234552934219,-0.23051209095784242,553
S22A1_HUMAN_Yee_2023_activity,10094,0,0.5597349355304146,-0.23051209095784242,553
SAV1_MOUSE_Tsuboyama_2023_2YSB,679,0,0.5905333960972401,-0.2268527780475398,43
SBI_STAAM_Tsuboyama_2023_2JVG,1025,0,0.5221260563756953,-0.3301516440676226,56
SC6A4_HUMAN_Young_2021,11576,0,0.5420352802138163,-0.27253027532500823,630
SCIN_STAAR_Tsuboyama_2023_2QFF,1212,0,0.3773625924313342,-0.5034382029569575,70
SCN5A_HUMAN_Glazer_2019,224,0,0.11206824298221887,-0.3207332797896275,2016
SDA_BACSU_Tsuboyama_2023_1PV0,834,0,0.5867493630804322,-0.21953536134837617,44
SERC_HUMAN_Xie_2023,1914,0,0.5482644995509052,-0.17039042094921397,370
SHOC2_HUMAN_Kwon_2022,10972,0,0.4073264340533675,-0.13961326979838257,582
SOX30_HUMAN_Tsuboyama_2023_7JJK,1010,0,0.33265137661507693,-0.20394230825242407,57
SPA_STAAU_Tsuboyama_2023_1LP1,1035,0,0.2939295447158537,-0.46553889912637797,55
SPG1_STRSG_Olson_2014,1045,0,0.2947470764666599,-0.2791086295739222,448
SPG1_STRSG_Wu_2016,76,0,0.5984688995215312,-0.2791086295739222,448
SPG2_STRSG_Tsuboyama_2023_5UBS,1029,0,0.24406664072559514,-0.2482253617033296,56
SPIKE_SARS2_Starr_2020_binding,3802,0,-0.01997661562780263,-0.38220255314237334,1273
SPIKE_SARS2_Starr_2020_expression,3798,0,0.01840499773775589,-0.38220255314237334,1273
SPTN1_CHICK_Tsuboyama_2023_1TUD,1051,0,0.5830685449464593,-0.2585011203210646,60
SQSTM_MOUSE_Tsuboyama_2023_2RRU,707,0,0.6375605284430796,-0.1261532863452885,40
SR43C_ARATH_Tsuboyama_2023_2N88,889,0,0.5866956597780272,-0.2691510479635326,48
SRBS1_HUMAN_Tsuboyama_2023_2O2W,1211,0,0.6227820950400721,-0.2161586988420198,67
SRC_HUMAN_Ahler_2019,3372,0,0.5471882352449502,-0.21536449578968755,536
SRC_HUMAN_Chakraborty_2023_binding-DAS_25uM,3637,0,0.4557395550033195,-0.21536449578968755,536
SRC_HUMAN_Nguyen_2022,3366,0,0.4586698522718101,-0.21536449578968755,536
SUMO1_HUMAN_Weile_2017,1700,0,0.5007562677153785,-0.14421682622525964,101
SYUA_HUMAN_Newberry_2020,2497,0,0.12803223155216206,-0.3976183848106302,140
TADBP_HUMAN_Bolognesi_2019,1196,0,-0.1187196100689585,-0.15309283519282446,414
TAT_HV1BR_Fernandes_2016,1577,0,-0.04472118779799468,-0.46163675415892763,86
TCRG1_MOUSE_Tsuboyama_2023_1E0L,621,0,0.6835732757691962,-0.3892713564218374,37
THO1_YEAST_Tsuboyama_2023_2WQG,656,0,0.3995883099581806,-0.4174937700374313,41
TNKS2_HUMAN_Tsuboyama_2023_5JRT,1118,0,0.5976563548085582,-0.3135807066835203,59
TPK1_HUMAN_Weile_2017,3181,0,0.3334047864847634,-0.07796692313376272,243
TPMT_HUMAN_Matreyek_2018,3648,0,0.5371433564108882,-0.2254488094315724,245
TPOR_HUMAN_Bridgford_2020,562,0,0.29488725326537574,-0.335464147833976,635
TRPC_SACS2_Chan_2017,1519,0,0.6440522559042959,-0.21018310451239403,248
TRPC_THEMA_Chan_2017,1519,0,0.45916929150063696,-0.22018198260779864,252
UBC9_HUMAN_Weile_2017,2563,0,0.4546025457547298,-0.23787585049029294,159
UBE4B_HUMAN_Tsuboyama_2023_3L1X,1118,0,0.5887850391047417,-0.08861666164433489,69
UBE4B_MOUSE_Starita_2013,899,0,0.41340554443027466,-0.20433214802695626,1173
UBR5_HUMAN_Tsuboyama_2023_1I2T,1094,0,0.41771722735900585,-0.3743771738493173,58
VILI_CHICK_Tsuboyama_2023_1YU5,1202,0,0.6686443176957461,-0.15530935099366336,65
VKOR1_HUMAN_Chiasson_2020_abundance,2695,0,0.5032880675519728,-0.26007427919598547,163
VKOR1_HUMAN_Chiasson_2020_activity,697,0,0.41308391057677846,-0.26007427919598547,163
VRPI_BPT7_Tsuboyama_2023_2WNM,1047,0,0.5755581303311939,-0.4161860269533853,56
YAIA_ECOLI_Tsuboyama_2023_2KVT,928,0,0.41587903219897154,-0.21302150735069658,52
YAP1_HUMAN_Araya_2012,362,0,0.5614538907835196,-0.3367341504337587,504
YNZC_BACSU_Tsuboyama_2023_2JVD,714,0,0.5409684284859599,-0.18848082742456776,39
